Data,Pre√ßo
2021-05-18,124.8499984741211
2021-05-19,124.69000244140625
2021-05-20,127.30999755859375
2021-05-21,125.43000030517578
2021-05-24,127.0999984741211
2021-05-25,126.9000015258789
2021-05-26,126.8499984741211
2021-05-27,125.27999877929688
2021-05-28,124.61000061035156
2021-06-01,124.27999877929688
2021-06-02,125.05999755859375
2021-06-03,123.54000091552734
2021-06-04,125.88999938964844
2021-06-07,125.9000015258789
2021-06-08,126.73999786376953
2021-06-09,127.12999725341797
2021-06-10,126.11000061035156
2021-06-11,127.3499984741211
2021-06-14,130.47999572753906
2021-06-15,129.63999938964844
2021-06-16,130.14999389648438
2021-06-17,131.7899932861328
2021-06-18,130.4600067138672
2021-06-21,132.3000030517578
2021-06-22,133.97999572753906
2021-06-23,133.6999969482422
2021-06-24,133.41000366210938
2021-06-25,133.11000061035156
2021-06-28,134.77999877929688
2021-06-29,136.3300018310547
2021-06-30,136.9600067138672
2021-07-01,137.27000427246094
2021-07-02,139.9600067138672
2021-07-06,142.02000427246094
2021-07-07,144.57000732421875
2021-07-08,143.24000549316406
2021-07-09,145.11000061035156
2021-07-12,144.5
2021-07-13,145.63999938964844
2021-07-14,149.14999389648438
2021-07-15,148.47999572753906
2021-07-16,146.38999938964844
2021-07-19,142.4499969482422
2021-07-20,146.14999389648438
2021-07-21,145.39999389648438
2021-07-22,146.8000030517578
2021-07-23,148.55999755859375
2021-07-26,148.99000549316406
2021-07-27,146.77000427246094
2021-07-28,144.97999572753906
2021-07-29,145.63999938964844
2021-07-30,145.86000061035156
2021-08-02,145.52000427246094
2021-08-03,147.36000061035156
2021-08-04,146.9499969482422
2021-08-05,147.05999755859375
2021-08-06,146.13999938964844
2021-08-09,146.08999633789062
2021-08-10,145.60000610351562
2021-08-11,145.86000061035156
2021-08-12,148.88999938964844
2021-08-13,149.10000610351562
2021-08-16,151.1199951171875
2021-08-17,150.19000244140625
2021-08-18,146.36000061035156
2021-08-19,146.6999969482422
2021-08-20,148.19000244140625
2021-08-23,149.7100067138672
2021-08-24,149.6199951171875
2021-08-25,148.36000061035156
2021-08-26,147.5399932861328
2021-08-27,148.60000610351562
2021-08-30,153.1199951171875
2021-08-31,151.8300018310547
2021-09-01,152.50999450683594
2021-09-02,153.64999389648438
2021-09-03,154.3000030517578
2021-09-07,156.69000244140625
2021-09-08,155.11000061035156
2021-09-09,154.07000732421875
2021-09-10,148.97000122070312
2021-09-13,149.5500030517578
2021-09-14,148.1199951171875
2021-09-15,149.02999877929688
2021-09-16,148.7899932861328
2021-09-17,146.05999755859375
2021-09-20,142.94000244140625
2021-09-21,143.42999267578125
2021-09-22,145.85000610351562
2021-09-23,146.8300018310547
2021-09-24,146.9199981689453
2021-09-27,145.3699951171875
2021-09-28,141.91000366210938
2021-09-29,142.8300018310547
2021-09-30,141.5
2021-10-01,142.64999389648438
2021-10-04,139.13999938964844
2021-10-05,141.11000061035156
2021-10-06,142.0
2021-10-07,143.2899932861328
2021-10-08,142.89999389648438
2021-10-11,142.80999755859375
2021-10-12,141.50999450683594
2021-10-13,140.91000366210938
2021-10-14,143.75999450683594
2021-10-15,144.83999633789062
2021-10-18,146.5500030517578
2021-10-19,148.75999450683594
2021-10-20,149.25999450683594
2021-10-21,149.47999572753906
2021-10-22,148.69000244140625
2021-10-25,148.63999938964844
2021-10-26,149.32000732421875
2021-10-27,148.85000610351562
2021-10-28,152.57000732421875
2021-10-29,149.8000030517578
2021-11-01,148.9600067138672
2021-11-02,150.02000427246094
2021-11-03,151.49000549316406
2021-11-04,150.9600067138672
2021-11-05,151.27999877929688
2021-11-08,150.44000244140625
2021-11-09,150.80999755859375
2021-11-10,147.9199981689453
2021-11-11,147.8699951171875
2021-11-12,149.99000549316406
2021-11-15,150.0
2021-11-16,151.0
2021-11-17,153.49000549316406
2021-11-18,157.8699951171875
2021-11-19,160.5500030517578
2021-11-22,161.02000427246094
2021-11-23,161.41000366210938
2021-11-24,161.94000244140625
2021-11-26,156.80999755859375
2021-11-29,160.24000549316406
2021-11-30,165.3000030517578
2021-12-01,164.77000427246094
2021-12-02,163.75999450683594
2021-12-03,161.83999633789062
2021-12-06,165.32000732421875
2021-12-07,171.17999267578125
2021-12-08,175.0800018310547
2021-12-09,174.55999755859375
2021-12-10,179.4499969482422
2021-12-13,175.74000549316406
2021-12-14,174.3300018310547
2021-12-15,179.3000030517578
2021-12-16,172.25999450683594
2021-12-17,171.13999938964844
2021-12-20,169.75
2021-12-21,172.99000549316406
2021-12-22,175.63999938964844
2021-12-23,176.27999877929688
2021-12-27,180.3300018310547
2021-12-28,179.2899932861328
2021-12-29,179.3800048828125
2021-12-30,178.1999969482422
2021-12-31,177.57000732421875
2022-01-03,182.00999450683594
2022-01-04,179.6999969482422
2022-01-05,174.9199981689453
2022-01-06,172.0
2022-01-07,172.1699981689453
2022-01-10,172.19000244140625
2022-01-11,175.0800018310547
2022-01-12,175.52999877929688
2022-01-13,172.19000244140625
2022-01-14,173.07000732421875
2022-01-18,169.8000030517578
2022-01-19,166.22999572753906
2022-01-20,164.50999450683594
2022-01-21,162.41000366210938
2022-01-24,161.6199951171875
2022-01-25,159.77999877929688
2022-01-26,159.69000244140625
2022-01-27,159.22000122070312
2022-01-28,170.3300018310547
2022-01-31,174.77999877929688
2022-02-01,174.61000061035156
2022-02-02,175.83999633789062
2022-02-03,172.89999389648438
2022-02-04,172.38999938964844
2022-02-07,171.66000366210938
2022-02-08,174.8300018310547
2022-02-09,176.27999877929688
2022-02-10,172.1199951171875
2022-02-11,168.63999938964844
2022-02-14,168.8800048828125
2022-02-15,172.7899932861328
2022-02-16,172.5500030517578
2022-02-17,168.8800048828125
2022-02-18,167.3000030517578
